scene	blocks	title	purpose	framing	action	continuity	seconds
s003	1-4	窗台与干地	建立书、米袋和戏具各自落点	河侧中全景，门内米袋、门边纸蛇、窗台歌本三层可辨	阿蘅先放袋压书，李绡再指干地，幕杆落地后墨耳伏袋旁	河在前景；绳与幕杆不靠水，窗台不在屋内	""
s003	5-6	纸嘴含手	用姐妹配合保留闯祸前的亲近	门槛平视双人中景，纸蛇下颌占画面下方	李寄端浆糊扶下颌，李绡穿竹条，纸嘴合近手，两人笑开	扶手始终在下颌外侧；不能把真蛇混入纸戏具	""
s003	7-10	等她回来再问	让姐姐提出尊重阿蘅的具体方法	李寄肩后中景，李绡在左，右后景见阿蘅下浅滩	阿蘅端盆离开；李寄向姐姐告知邀约，姐姐停工看向她再回答	阿蘅还未听见姐妹谈话，距离不剪成面对面	""
s003	11-13	不要替人做主	设立李寄随后违背的提醒	保持门槛同侧双人景，李绡起身后留李寄独处	李寄追问；李绡说明分寸，闻屋后呼喊离开，李寄安放纸蛇再到窗前	姐姐从屋后离场；李寄必须先把蛇放稳才能拿书	""
s003	14-15	庙歌压住喜歌	把误读危险的选择放在可见信息里	临窗李寄肩后连续近景，书页在前、浅滩阿蘅在后；一次移焦看她停唱，再收焦书边李寄握紧的手	风翻书，庙歌一行显露；阿蘅低练喜歌，李寄视线在二者间往返	只展示定稿那行庙歌，喜歌不擅补完整旋律或歌词	""
s003	16-17	迟疑后扔书	明确主动行为与不可逆后果	浅滩至阿蘅窗边的侧面宽景，李寄投书和书落水保持在同一连续画面，机位不越水岸轴	移碗拿书，过门时停顿，跑到水边抛出；书脊拍水、圈字页浮起，手放下	碗留窗台，米袋在门内；投掷方向指向下游，不能突然跨深河	""
s003	18-20	够住却裂开	让阿蘅先救自己的劳动成果	上游阿蘅中景侧跟，降至水面保留滑跪与书脊	阿蘅发问认出书页，盆撞石，她冲入浅水跪倒，抓书时湿纸从订口裂开	水位不过膝；危险来自滑石和湿纸，不演成溺水	""
s003	21-24	喜歌怎么办	让生计损失打断李寄的辩解	浅滩双人中景，阿蘅低位托书，李寄在岸侧偏高	李寄跑来解释，阿蘅抬眼只问喜歌；纸漂走后李寄停辩、卷裤入水	保留未说完的破折号；入水前卷裤，湿袖从救书开始	""
s003	25-27	摊着接与扶稳	表现阿蘅受伤仍救李寄，手上任务清楚	下游侧面的双人全景，纸页、手腕和石缝均入框	阿蘅托纸让李寄摊掌接；李寄向下游石缝挪步失衡，阿蘅抓腕等她踩稳才放	先接住残页再挪步，托纸与抓腕要分手；石缝只是一小处暗水	""
s003	28	沉下去的一页	让无法补回的损失成为具体画面	水面低特写，薄纸从近石绕向远处暗缝	纸随水远去，绕石后慢慢没入暗水，手不再入画	不能让整条河突然变深；流向接前镜下游	""
s003	29-30	半页看不清	把抢救终点落到缺失的歌词	暮色岸石近景，残页铺平；阿蘅脸在上沿	阿蘅拿近残页又放远，看不清而摇头；李寄欲言停住	时间省略以光色和湿纸摊满石面交代，不新增争吵	""
s003	31-32	提米去还	由收门声推动去米铺	门前中远景，阿蘅先收纸取袋，李寄后扶盆追上	门板声先入，阿蘅包纸提米走；李寄把倒盆放回门边才跟上	书由阿蘅捧，袋从门内取；两人湿裤袖保持到下一场	""
s004	1-3	半扇门与灯	把最后一次试唱放在仍有人等待的空间	柜台斜侧中全景，半扇门在后，灯和残页为近景中心	掌柜挪算盘让位置；阿蘅垫布摊纸，掌柜落座打拍	一盏油灯，账台不变舞台；李寄留在阿蘅侧后	""
s004	4-7	两次都唱断	以两遍尝试证实不能唱成	固定双人中近景看阿蘅与柜台，第二次让李寄入灯圈	唱至船边找字，掌柜拍子独停；阿蘅要求重来，再吸气仍断在同一处	第一次歌词完整唱出，第二次只重复定稿指定部分，不能补失词	""
s004	8-10	不能再问病母	让李寄的新补救碰到现实条件	李寄近景提议，轻移焦到阿蘅对纸的手	李寄提出早问母亲，掌柜说明咳血；李寄回看阿蘅，阿蘅仍试拼纸	不切母亲病床插叙，信息由在场对白给出	""
s004	11-12	今晚就得定人	让失去唱活来自明确期限	掌柜中近景，许家纸在手而残页在前景	掌柜拿起许家纸，说明必须另找人，停下等她回应	木斗留柜边，不能把许家纸当欠据	""
s004	13-17	一粒粒退回去	把损失从抽象道歉变成粮食	手部持续近景，袋口、木斗、湿袖三者同框，尾部抬至脸	阿蘅点头包纸，捧一小把退斗，捻下湿袖米粒；李寄伸手未及，阿蘅系袋道谢	只退预付小把，保留当天工米；完整留最后一粒落斗	""
s004	18-22	岔口停住	让追问被阿蘅主动转身截住	河街岔口中景，米铺灯在后、两条巷路分向两侧	李寄追出问病情，阿蘅回答，李寄又要包揽；阿蘅转身抱纸，迫她停步	两人不贴近相拥，书始终由阿蘅持有	""
s004	23-26	纸能买词不能	明确道歉和仍未解决的代价	同轴双人近景，以两人的停顿与视线完成对话，镜头不切开阿蘅发言	阿蘅指出未询问便毁书；李寄承认并提出买纸，阿蘅只问词，李寄语塞	不把质问演成拒绝友谊；视线落残页而非愤怒推搡	""
s004	27-29	不再碰歌本	让李寄第一次用停手回应边界	稍宽侧面双人景，书居阿蘅胸前，湿裤滴水可见	阿蘅说明养家用途；李寄点头收手；阿蘅转向自家巷口，李寄站着	分路方向先建立，不能下一镜让阿蘅已绕回李寄身边	""
s004	30-33	关门后各走	保留照顾，却不消除关系裂痕	岔口远景，阿蘅在巷口回头，李寄靠米铺一侧	阿蘅叮嘱换湿衣，李寄应声；她继续走，门板合上，李寄慢慢走向另一边	不要追上并肩；门板声是本集收口，下一集已换干衣	""
s005	1-2	劈柴磨破的手	把补偿努力和身体代价同时呈现	木板低位近景起，李绡取刀后拉成姐妹中景	柴劈开，李寄拾木擦痛手；姐姐接刀入筐，铜钱落木板，另一手藏背后	刀入筐后不再握在李寄手里；新掌伤不同于首集浆糊	""
s005	3-5	说清是自己扔的	让承担责任有完整因果	李寄侧面近景，铜钱在前景，眼神避着姐姐	李寄不看姐姐讲清毁书与失工，推钱说明想买纸	不压缩掉许家活丢了这一结果；姐姐不提前责骂	""
s005	6-9	几天米与药钱	检验一次性补救为何不足	姐妹手边双人中景，湿布拈木屑贯穿问答	李绡拉出伤手清木屑，连续问米和药钱；李寄逐项回答又停住	清伤动作缓慢，不能边拈边突然包好；幕布在后提醒短工期限	""
s005	10-13	先洗手再商量	把教训化成可做的下一步	晾布旁李寄与李绡同框中景，李寄回望布角，姐姐在身侧叫她洗手；镜头缓跟到近旁水桶	布碰痛处李寄缩手，说出病情；姐姐答应问词并提醒商量，李寄拿钱去洗手	不假定两人已经补齐歌；取钱后木板留空	""
s005	14	留白的下一行	用空白表示她停止擅自决定	午后俯拍木板，新纸与残页并排，手与笔清楚	李寄抄到船边，笔尖悬在缺行前，最终留空	光线明确时间省略；裹手从此出现，纸上不生成新歌词	""
s005	15-19	递纸询问	让修复关系从询问开始	木板边双人中景，新纸横在二人中间	阿蘅提布来，李寄站起递纸问记得否；阿蘅哼至断处摇头，夹纸收在身旁	阿蘅保管残本；不把哼唱归到舟行曲，不补未知下句	""
s005	20-22	不住庙里的条件	给下一场谈判一个已达成的底线	三人桌边中景，李绡数钱的手位于画面下部；说条件时缓推至阿蘅	阿蘅问还能做多久；姐姐说明半日旧幕活，答应陪问并提出不住庙	此处约定与下场十来天后的回述一致，不拍实际问庙插叙	""
s005	23-28	各撑一端	让合作先于口头和好	沿晾绳侧面中景，湿布成为两人间可移动遮挡	布角落地，李寄提出帮忙；阿蘅递干净边提醒手伤，两人抬布，她等阿蘅抚平	李寄只持干净边，布不能扯伤；脸被布挡住后不加拥抱或额外道歉	""
s006	1-2	时间与对岸	建立独处条件及李寄无法立刻介入的距离	宽景横跨浅滩，阿蘅晾架在近侧，李寄挑桶在对岸	字幕交代十来天后；阿蘅搭布，远处李寄歇肩，李绡随台架离场	对岸可经浅滩绕行；不要把李寄画成已站在阿蘅身后	""
s006	3-6	七斗与原约	让账目冲突由双方共同握纸开始	赵阿双人中近景，借据夹在两双手之间	赵递窄纸却不松手；阿蘅擦手抓下沿，说原借五斗还六斗	纸背正面不镜像，母亲手印位置固定	""
s006	7-11	还了为什么更多	让还米记录有可读依据	双人侧面中近景，借据背面在阿蘅胸前，她指旧墨发问，赵对面回应，纸不离画面	阿蘅翻背指记录质问，赵以先抵息回应，纸仍未完全交她	数字五、六、七斗和已还米不能改成同一数字	""
s006	12-14	翘起的贴纸	第一次把改账痕迹交给观众	近距离手部特写，借据转回正面	新纸翘角露旧墨；阿蘅发问伸指，赵收纸压平	不此时揭穿完整造假流程，观众只看见贴纸遮字	""
s006	15-18	免账换住庙	呈现诱因、额外祭粮和不安	赵在左、阿蘅在右的固定中景，远处对岸留模糊李寄	赵提出住庙免账加两斗；阿蘅问接济后看向对岸，又回看纸	粮食仅在语言中承诺，不能现场交袋或让阿蘅点头接受	""
s006	19-22	天黑回家被改口	让照顾病母与新条件正面冲突	阿蘅近景为主，赵折纸的手入画	阿蘅援引上次白天唱；赵改为住到祭礼，阿蘅追问夜间照料；赵不接话折纸	庙会前三日、唱到祭礼的时间线不压缩成当夜	""
s006	23-27	拒住后问工价	保留阿蘅主动谈判的能动性	双人腰上中景，阿蘅挡住收纸的手而不抢纸	她明确拒住，赵转身前说七斗；她拦手问一天，得到两升	不把工钱冲账演成现付米；挡手结束后归还距离	""
s006	28-30	炭记两升	给后续四升证据一个准确起点	歌本背页与炭头特写，赵在上沿可见	阿蘅从晾架拿炭，写两升，复述一天扣两升；赵点头收据离开	这是约定尚非已做工记账；炭头不要写成毛笔	""
s006	31-36	山脚相等	把支持改为阿蘅同意的陪伴	李寄由浅滩入近侧，二人并排看背页后回到布架	阿蘅先亮纸说明没答应住；李寄问傍晚等，阿蘅答应并叮嘱别进；放回炭头合抬幕布	只约山脚；李寄裤脚新溅水与阿蘅湿手有区别	""
s007	1	前殿唱完长句	建立阿蘅当天确实做了领唱工作	前殿平视中景，阿蘅位于十余名领唱之间，后方殿门保持日光	阿蘅跟众人唱完长句，尾音停住	曲词定稿未写全，只以已确认旋律完成无新增词的片段；下镜明确跳到黄昏	8
s007	2	黄昏递水	把正常下山作为后来被截断的日常基准	山路口固定双人中景，墨耳绕两人一圈，工人由后方下山	李寄看见阿蘅站起来递水，狗绕行	狗不在前殿领唱队伍；下镜跳到当夜账页	8
s007	3	第一笔两升	让已做工钱首次落到可追溯纸面	当夜油灯下歌本背页俯斜特写，阿蘅的手写日期与两升	写当天日期，再记第一笔工钱	一日两升不是预支；可读字由后期照原文排版	6
s007	4	第二天嗓子哑了	以无言动作显示劳动消耗	复用上一天山路口机位，保持两人全身与牵狗绳可见	阿蘅喝水指嗓，李寄收住话，牵墨耳陪她走	第二天黄昏由明确信息衔接；不新增抱怨对白	9
s007	5	两笔圈出四升	把两天报酬与预支米数分开	灯下歌本背页近景，前一笔留在画内，手写第二笔并圈合	再记日期与两升，圈住两笔写四升	四升而非四斗；纸面与前一夜同页	6
s007	6-8	哼声被咳断	让病母的无力成为眼前事件	床边平视双人近景，门框留李绡等待的深层空间	母亲点膝欲哼便咳，阿蘅放包扶水托碗，李绡等咳缓才入	曲名原文未指定；采用无词短哼作为选择，不写成已定歌	""
s007	9-11	走十来天谁照顾	检验下游唱戏这条退路	床与门间三人中景，阿蘅照料动作不中断	阿蘅询问下游活；李绡说明夜里无人久住照顾，母亲试放碗无力，阿蘅接下	药罐水碗位置连续，夜间照料不能被中午探望替代	""
s007	12-15	你也要吃饭	把母亲的关心留在一次握手	母女手部近景抬至两人脸，姐姐在画外	阿蘅答当天台边帮忙，母亲拉手喘匀叮嘱，她轻声答应	母亲不突然康复，不把叮嘱改成长篇牺牲宣言	""
s007	16-18	傍晚回来煎药	以明确家务约定衔接庙会	床头到门口小幅横移，邻妇接药罐	阿蘅挪水壶、交药罐，交代中午劳烦与傍晚煎药；门合，首通鼓入	这份傍晚约定后续无法践行，药罐留在家而非带进庙	""
s008	1-5	台院东西方向	建立台、井、粮仓门及人流	院内略高全景落到后台中景；东门画面右、西井左	纸蛇追月与孩子叫好，阿蘅由西提水绕后台，李绡让箱子向台里收，李寄稳桶	台在院中；粮仓门在东、井在西，贯穿后续救人与放粮	""
s008	6-11	故意空下的第三拍	给孙六与阿蘅一个可信熟稔关系	鼓边三人中景，鼓槌、桶沿与阿蘅手一并看见	孙六点桶请数拍，阿蘅停第三拍，槌落空；两人说笑后重起拍	不真敲伤手；桶位置与结尾踢翻同一处	""
s008	12	月亮被含牢	留下戏内吞月的完整动作	台前孩子肩后中全景，纸月下降入蛇嘴	李寄放线，纸蛇含月，演员献米，孩子等月亮再出	只展示纸戏蛇；纸月不是神异真实天象	""
s008	13-18	粮票要等三日	交代祭粮领取地点和日期	后台边双人中景，母子、票与已带空袋同框	妇人问换米，阿蘅看日期指东门说明三日后清晨；妇人低头看空袋	票上可读日期沿准确道具需求，不能把今日当领粮日	""
s008	19	追还空袋	用办小事保留李寄的日常参与	台侧望向近处庙门的连续宽景，前景阿蘅捡鞋，李寄由中景取袋跑至后景交还再回来	孩子踢鞋，母亲忙走忘袋；李寄追送后返回牵线位	追到庙门不去粮仓，返回时月线仍在原位置	16
s008	20-23	双回结剪下来	把木牌的物证来源做清楚	午后幕内中近景，戏箱角和剪刀清晰，吃饭人留背景	日影移柱，庙工借绳；阿蘅解不开双回结，李绡从结旁剪下一段递出	保留完整旧双回结，不能在递出前解开或新系	""
s008	24-25	木牌新刮处	让阿蘅先看见疑点却尚未理解	阿蘅肩后近景，庙工在她对面，布包滑口露木牌位于二人目光之间	递手时露新白木，庙工立刻遮回去；阿蘅看他去阶前，试鼓唤她回身	只露新刮一片，暂不展示阿蘅姓名；碗先放下再回鼓边	""
s008	26-29	锣令全院停住	让生活秩序被命名仪式截断	院中轴全景，前景纸蛇含月，远景巫祝阶上举牌	锣响，李绡举手停鼓，李寄停线；人群向石阶聚，母亲拉住问月的孩子	月亮卡蛇嘴的静止要跨切保持，不能继续吐月表演	""
s008	30-33	被叫出的名字	把神授说辞与人工木牌并置	幕缝内贴近阿蘅侧脸的连续近景，缝外巫祝与牌面同侧深景；宣读时焦点留在她失去血色的脸	巫祝宣称入梦示名，阿蘅认出牌下红绳，转牌后叫阿蘅	红绳是刚剪去那段；停顿与名字准确，不增神蛇幻象	""
s008	34-36	桶翻后的众目	让被指定的羞惧落在身体与围观	后台平视阿蘅中近景，掀幕者在侧边，水沿台板入前景	鼓槌闷碰，幕布被掀开，阿蘅后退撞翻桶；人群探看	脚跟触桶后才翻，水不凭空出现；无慢动作猎奇特写	""
s008	37	攥住牵线	以未完成的戏结束本集	李寄手近景引向半张纸蛇嘴，纸月仍停在里面	李寄攥线不动，画面留下卡住的月亮	与前集日常纸蛇配合照应；不增加李寄此刻冲上台的动作	""
s009	1-4	扶桶后的命令	让强制限制藏在日常收拾中	后台同侧双人中景，桶在阿蘅脚旁	赵扶桶叫回家报信又限定不出村，阿蘅问娘，赵敷衍	接上场水湿台板与鞋；桶扶起但水不自动消失	""
s009	5-8	抢牌被挡住	展示鲁莽反抗的即时伤害和大人保护	台侧固定侧面全景，李寄冲入阶前；牌、额头碰石位置和截路竹杆都留在画面内	李寄弃线抓红绳，巫祝扯牌碰额；庙工拧臂，姐姐横杆、孙六托端制止	额伤从牌角接触后出现；竹杆横在人与人之间，不击打孩子	""
s009	9-13	揭开米饵布	用日常喂食反问祭女理由	供案侧中广景，阶上巫祝与抬箩的孙六同框；小幅跟移到揭开的米饵，保留竹箩位置	巫祝借欠米压人，孙六用槌挑湿布露肉米饵，质问平日吃食；巫祝转回安神说辞	米饵在箩内，不抛给人群或真蛇；群众应声不全体一致	""
s009	14-17	谁来担责	把威胁转为人群后退的动作	李绡与巫祝隔阶对峙的侧面中广景，二人不越轴；群人在背景后退形成空隙	姐姐质问保证；巫祝搬县准与伤人风险，人群退、老汉护孙，李寄仍抓绳流血	李寄抓绳未松，血只少量落手背；不要提前产生获胜气氛	""
s009	18-23	先听她说回家	让李寄第一次放开自己认为必须抓的东西	阿蘅拉袖的双人近景，牌和红绳在画面侧缘	阿蘅求陪回家，李寄指牌，她直呼名字说不想站这里；李寄回头松绳，大人护退	红绳留在牌上，不能被扯成阿蘅持有的物证	""
s009	24-25	不是咱家的耳语	把围观的冷漠落到一次加快脚步	人群缝隙跟拍阿蘅背影，耳语者在侧前景	家人贴耳低语，阿蘅听见走得更快，李寄跟上	耳语只一个局部人物，不合唱成全村态度	""
s009	26-30	桥边压伤问船	尝试出走但承认牵连未知	石桥边三人中景，李绡交布给阿蘅按额	包住额角后李寄提出抬病母坐船，阿蘅问牵连，李寄无答；姐姐接下问船	床单扁担只是提议，本镜不出现已制担架	""
s009	31-35	把看见的记住	区分疑点与已证实事实	桥栏边阿蘅近景带怀中歌本，后退成分路全景	阿蘅说新刮牌与借绳，摇头否认看见书写；姐姐要求保留账与记数，看二人过桥后去渡口	不能把她说成目击造假写名；歌本带两笔四升	""
s010	1-5	我不去	让阿蘅在母亲面前说出选择	床桌间平视双人近景，碗米在桌边不抢焦点	母亲欲站，女儿扶坐握住取布手，蹲膝前说不想去，再说不去	阿蘅湿鞋尚未换；不要把邻居米当庙里额外两斗	""
s010	6-9	门外的李寄	给母女私密的拥抱留出边界	母女侧面中景，门框深景有李寄半身	母亲抱住答不去，女儿仍托病母背；李寄入半步又退	拥抱不使病母突然站稳；李寄额布由自己按着	""
s010	10-11	戏还在唱	用远处归乡歌反照眼前不能归安	保持母女中近景，窗外亮度渐暗	祈福戏唱句与喝彩从河面远来，母女不抬头	仅唱定稿一行，声音有远距感，不切欢乐人群夺走此刻重心	""
s010	12-15	问到再告诉你	让李寄以有限承诺行动	门边双人景，阿蘅手折额布后让开通道	照料母亲后阿蘅取水，李寄说问船再回报；阿蘅折紧布，她沿河跑	不承诺必能救走；杯水由阿蘅带回床边	""
s010	16-17	门外坐下的人	把禁足变成可见阻挡	室内从阿蘅肩后看窗缝，院门庙工在深景	阿蘅回床，脚步再响，两庙工落座；她看过后轻合窗	门外只有看守而非押入庙，窗合后母女仍在家	""
s011	1-4	船板还搭着	先给逃离的可能性	岸侧中全景，窄板接货船，李寄在近岸	李寄赶来问能否载病人，船家见额布停装筐并认出身份	船未离岸，只最后装货，水使板轻晃	""
s011	5-8	铜钱没被接走	用拒收与收板表现恐惧代价	李寄伸钱的中近景移向船家拖板，保持岸船距离	她掏两枚余钱，船家不接、拖回板，说姐姐已问与扣货顾虑	两枚钱始终在李寄手中；不把船家处理成贪更多钱	""
s011	9-11	绳结两次才好	让拒绝者的局促也有动作证据	船家手部近景与岸边李寄同框深度	空石沿被水拍，李寄举钱停住；船家背身两次系绳，她收钱朝庙跑	不新增出航撞人；去山庙方向与到码头来路区分	""
s012	1-4	四升抵不了名字	把劳动账与祭名被分开的事实说清	仓门内桌侧双人中景，搬粮人从外侧过	李寄绕人报四升，赵勾账回答祭名另算；她追问全还清	粮袋多不代表已兑粮；工钱单位保持升	""
s012	5-7	米袋挤出门	让制度拒绝落在通行权上	门内朝门框的固定全景，赵抬头在前景，米袋与挤出门的人保持同框	赵用神选反问，翻账叫搬粮，李寄被过门米袋挤到外侧	米袋挤身并非故意击倒；账仍由赵掌握	""
s012	8-13	另一个女孩	呈现换人恐惧的复杂反应	门外三人中景，老妇把瘦女孩护在身后，碎纸在怀	老妇问能否收米换人，李寄说不肯；她先松气再低头，牵女孩让路	女孩不是阿蘅替身已经选定；碎纸不自添可读供词	""
s013	1-3	裂牌上的窄木片	找到实际可用的暂停条款	照壁宽景推到李寄仰读的肩后牌面	李寄停在旧牌，读兵刃口粮赏钱再踮脚卡字，见书吏出门追上	底部窄片与主牌分层，字不能生成为永久免祭承诺	""
s013	4-7	请念一遍	让规则来自书吏的准确复述	廊口平视双人中景，牌留身后	李寄请读，书吏念应募即暂停，回答登记姓名与查看准备	这时只确认暂停，不先说阿蘅本次永久免祭	""
s013	8-11	明早再来	把关门时间变成行动期限	上锁处声音画外，回牌下李寄手指的近景	锁声阻止入内，书吏叫明早来；李寄摸暂停那行，扎紧额布跑回家	此刻尚未报名；夜幕与下一集家中热汤衔接	""
s014	1-4	饭前的伤	先让父亲以家长身份问伤	堂屋固定中景，灶汤在左、门在右、饭桌居中	母亲摆碗，李寄冲入，父亲放饭碗伸手看布，她说抢牌受伤	父亲穿码头短衣汗印明显，非已披甲的英雄	""
s014	5-8	把三条路说尽	建立报名选择的现实前因	李寄半身近景带松开的额布，母亲停勺在后	她急说船与欠粮两路失败，母亲停手；李寄提出报名先停送祭	前情由人物快速汇报，不重复插前集片段	""
s014	9-14	门闩落槽	把父亲的禁止拍成实际封门	门侧全景，父亲起身横闩后与女儿隔桌相对	闩重落槽，父亲问会杀否，女儿答不会提期限，他拒绝并按闩；柴烧断	门锁的是自己家，闩方向明确；留柴声后的短沉默	""
s014	15	没迈出的那一步	交代父亲羞惭的具体旧事	短闪回用拥挤肩背中景，阿禾视线穿过人群找李诞	陶伯扑前被拖开，阿禾回望，李诞攥扁担不动，人群合拢	明确为父亲回忆；阿禾、陶伯状态用旧年准确需求，不能以当下阿蘅替演	""
s014	16-20	缺口碗和换人报名	让父亲动机从记忆回到饭桌	缺口碗落桌近景抬至夫妻双人景	母亲放碗，父亲回头说自己去；她问会不会，他承认不会并提出先查入口	不是父亲突然掌握杀蛇法；门仍闩着	""
s014	21-25	女儿按住衣角	让李寄也面对亲人冒险的怕	衣角与水碗为近景核心，再留父女两人脸	父亲取外衣，李寄按住欲言，松手端水洒桌；母亲追问孩子，父亲坐回接碗	杯水溅点留到后面擦净；外衣未穿好就坐下	""
s014	26-30	同桌吃饭的人	以碗唤回真实关系而非抽象口号	饭桌同侧三人中近景，父亲摸缺口碗	父亲说旧工友与幼年阿蘅；母亲承认帮过，反对杀蛇；他承认未知但不能再送人，挪碗向里	不新增阿蘅幼年闪回；旧碗仍在桌上不变信物送出	""
s014	31-33	先接人再查门	把保护措施讲成可核对条件	父女平视双人景，母亲在桌端听	父亲提出今晚接人、明早请开后院；女儿问不肯，他坚持问清暂停条件	不得把报名与停祭视作自然同时发生，明确需县里文书	""
s014	34-37	随口答应的帮忙	种下李寄需证明能力的后续动机	父亲翻袖在近景，李寄在侧后看他	李寄列爬架拉线本事，父亲看袖随口应，女儿停话擦桌水	这里父亲未认真分配任务；不能用赞许对视演成已认可	""
s014	38-40	褥子比争论更早	让母亲加入行动并保留风险判断	母亲从箱到桌的小幅跟移，褥子撑满前景	她抱褥安排病床并叫父亲吃饭找同伴；父亲匆匆吃，门外姐姐报船都拒绝	母亲不被简化为阻碍者；汤饭未完全凉透	""
s014	41-44	抽闩开门	以同一空间动作兑现选择变化	复用关门镜位，闩抽出后门外姐姐进入景深	父亲放碗开闩，交代找工友叫孙六；姐姐走，母亲把褥子交李寄	首尾门位相同；李寄抱褥站开门处，不立刻独自奔庙	""
s015	1-5	补了两层的背带	把工友旧情转为可用工具	李家门口三人中景，背带双层接头在母亲手上展开给父女看，缓推但不切镜	孙六递带，父亲认出旧缝口并试拉；各人拿杆抱褥出门	背带不是全新绳套；厚带兜腿弯，后续不勒病人颈胸	""
s015	6-8	先去我家	让照顾有清楚的征询与回应	病床侧平视，门外孙六留在深景	庙工起身，父亲进屋蹲床边；病母问牵连，他请先过去	父亲先蹲低才背，不能隔镜病人突然在背上	""
s015	9-11	背起病人	完整说明受力与保护分工	床侧全身景，四人手与腿弯都在画面内	阿蘅扶母靠背，李绡托腰，孙六兜带；父亲问勒否后扶床慢站，姐姐先看路	上背、兜带、站起依次完成；没有悬空人体或穿透绳带	""
s015	12-15	竹杆横在前面	把冲突控制在照料通道	院门侧面中景，病人在门内，庙工门外	庙工伸手拦，姐姐横杆要求别碰病人	竹杆阻隔而非殴打；背病的父亲暂不强挤门槛	""
s015	16-19	灯照门槛	以请求帮手打破孤立	巷内宽景由鼓声引出几扇开门，落到邻妇接褥举灯	孙六敲鼓呼邻，邻妇接走李寄的褥子、举灯照高门槛	灯来自邻妇，褥子明确转手；不做整条街围攻庙工	""
s015	20-22	挪开小凳	让退让有可见压力与照料动作	门槛低位全景，病母咳、阿蘅托手在上方	咳嗽中庙工看众人，挪凳让路；父亲迈槛，孙六护带同行	凳子移开后才跨槛，灯在前引路，病母状态仍虚弱	""
s015	23-26	我托着罐底	让李寄以配合而非夺走来帮忙	并行低位双人中景，罐在两人之间，灯在前方	阿蘅换手托沉罐回望，李寄将手放罐底询问分工；阿蘅点头，一同避坑	药罐上缘阿蘅握、下方李寄托，不突然由李寄独拿	""
s016	1-4	一屋安顿两处守候	建立夜间照护与准备并存	由里屋床沿到外间门内缓移，灯与磨石落到前景	母亲等咳缓送水，阿蘅接碗；父亲听脚步走远才磨刀，李寄添水	旧灯罩裂缝已补，刀尚是柴刀而非县库厚背刀	""
s016	5-7	每天能回来的人	用具体工作路径提出可调查问题	磨石边父女双人近景，刀先停住再答话	李寄问喂蛇者怎样进出，父亲停磨答明天当面问	不闪回演示未知路线，不此时画清石道内部	""
s016	8-12	送到哪怎样回来	让训练必须先有安全方案	低机位墨耳靠近，李寄手抚缺耳，父亲在侧	李寄提议叼饵，父亲连问位置与召回，狗舔手，她收手听先看地方	左耳缺口一致；尚未训练成功或批准派狗入洞	""
s016	13	收刀留在床旁	结束夜里准备，把照护动作接回屋内	外间侧面中景，父亲包刀在前，李寄闻里屋咳嗽起身添水在后	咳声传来，李寄添水，父亲擦干刀包好放床旁	明确停留于夜间；刀干后收好，下一镜才切黎明	8
s016	14-16	亲耳听免祭	让阿蘅出门的理由独立成立	黎明外间双人中景，阿蘅穿好鞋取账页，李寄从侧面问话	李寄问也去，阿蘅拿账页说要亲耳听不会抓她	光线切为黎明；账页仍由残本中取出，非新借据	10
s016	17-19	有人在家照看	给出门一个已落实的照护前提	床到门的中全景，母亲接罐，阿蘅回看病母	李母接药罐承诺照看，阿蘅看母亲后收账，父亲开闩，一行出门	药罐留李家；孙六与李绡已带工具等门外	""
s017	1-6	报自己的名字	把应募主体逐一建立	廊下登记桌平视中全景，父亲先在桌前，工具放孙六脚边	李诞报姓名，姐姐与孙六加入，李寄从父亲身后出来说还有我	阿蘅在柱旁暂不进入除蛇名单，工具不能挡住通行	""
s017	7-12	按住旧式纸	当场阻止把协助写成献祭	纸面与李绡视线交替，父亲压纸的手留同框	书吏写名向下，姐姐读自愿入祀，父亲压纸质问并要求换纸	旧纸保留供后面核对，暂未盖印或让李寄按手印	""
s017	13-18	先准看洞口	让查验成为官方要回应的问题	三人桌边中景，后景留内堂入口，县丞由入口走到桌边，其他人让出位置	掌柜停廊外，县丞问杀法，父亲承认不知，孙六说只到井边，李寄追问县里去过否	问题按原次序，不让孩子宣称已有斩蛇妙计	""
s017	19-23	谁问过两家	让传抄与同意的差别可见	旧祭册俯拍两名字，再抬至父亲与县丞	书吏翻阿禾小满指旧行，县丞问愿意，父亲反问；书吏说按庙报记	名字、旧册与新应募纸分别摆放；不能把旧册写成当事人口供	""
s017	24-28	只记日期粮数	暴露管理者没有看过的空白	县丞翻末页的中近景，两个书吏摇头留后景	县丞找洞口记录无果，问时机，李寄说两天后送祭	旧册没有地图；两天是此日到祭日的剩余时间	""
s017	29-33	换白纸查验	让阿蘅声明与查验许可相接	阿蘅从柱旁进桌边中景，工钱纸置近侧	她放记工纸说明只答应唱；县丞看旧文书要求白纸，交代两天查验和第三日行动，老程看日期	不省略洞里不准进、没看清不准开门的限制	""
s017	34-36	人还被看着	使免祭与应募分开争取	父亲仍贴桌不退，掌柜被唤到旁边	父亲追问阿蘅能否留家，县丞召庙方及掌柜问话	原叙事有等人间隔，下一镜用日影交代，不瞬间聚齐	""
s017	37-41	不住也不进洞	让阿蘅在权威对话中说自己的条件	日影后的桌边三角中景，阿蘅与巫祝在不同侧	巫祝看条件要求洁身住庙，阿蘅拒绝；巫祝不看她、转向县丞搬出旧准	不把巫祝回避眼神拍成听从；赵随来但不抢加台词	""
s017	42-45	写下此次免祭	把口头保护落实到纸上	桌边同侧三人中近景，县丞停手于旧册、推今年册给书吏；阿蘅在画面另一端发问	县丞下令暂停、阿蘅免祭、不补人、撤看守；阿蘅追问以后，得到查清前禁索人	本次免祭与以后议定不是同一承诺；全部限制完整留声	""
s017	46-49	我不是自愿的	把否认被冒写留成公开证据	阿蘅侧面近景，旧名与笔同框，李寄随后站旁边	阿蘅不走要求写非自愿，书吏添行；父亲请念完，各应募者按印，阿蘅核对免祭文书收衣襟	阿蘅收免祭纸而非作为除蛇者按印；李寄不替她发言	""
s017	50-56	停祭不停发粮	将救人与贫户口粮从捆绑中分开	桌边宽中景，周掌柜举票向县丞而非向人群	县丞准领工具，父亲要留厚背刀；赵问粮，掌柜举票，县丞定照发，老程补字请印	准领不代表本镜已拿刀；粮票日期接第四集，盖印在补字后	""
s017	57-61	贴纸旧据也要查	用歌本空白连接损失与继续举证	阿蘅收纸停在残页空白近景，再拉到老程记笔	她复述母亲核对五斗六斗与七斗贴纸，老程答午后封原据；李寄按风掀纸角等她收好同行	旧借据仍不在阿蘅手里；老程明确自己也未见洞口	""
s018	1-5	锁外等钥匙	把被遮蔽的后院先作为一道真实边界	沿正殿侧后跟拍至高墙全景，岩檐封住上方	众人过半拆戏台到锁门，庙工阻挡，老程亮印文书要钥匙	墙接岩无绕行口；戏具已收箱，不延续庙会表演	""
s018	6-10	只有一步的石道	纠正观众对洞口空间的想象	从门内全景缓进石道侧面，南前门近、北洞闸远	开院门李寄缩后，院内显出矮石道；父亲比前门到闸长度，庙工说明蛇只探头	石道低到膝边，闸前不到一步，闸后仍有封顶短段接岩根	""
s018	11-14	不是人走的通道	同时识别庙工与检验出口	南门侧面中景，庙工和蹲门旁的父亲同框，阿蘅前景听他讲解	阿蘅认出借绳者；父亲比肩进不去，老程问出口，庙工说明漏水缝不通蛇	父亲不伸身钻入；岩缝不能画成人或蛇可穿的第二洞	""
s018	15-17	沿墙查过再画	把空间事实从口说变成查验	院内侧跟查墙脚，李绡纸图在末尾近景	老程追问赵，赵点头；众人沿墙岩检查，李绡记门闸洞位置	图为现场记录，未有刀缝或横杠；不画未来装置	""
s018	18-21	先封后面再开前门	完整呈现第一段互锁次序	石道东侧固定全景，木栓、前门、盆与双手清楚	米饵到，老程要求先说再动；庙工摇牢木栓，开南门放饵，退出手关门上闩推两下	洞闸全程落死；镜头不中断关键开关顺序，不能两头敞开	""
s018	22-24	前门关才提后闸	把阿蘅理解的安全边界说清	南门侧面双人中景带闸两端操作者	阿蘅问，庙工解释；两人各站闸侧抽栓共同提板	前门横闩已卡牢；没有一人站在投食门正前	""
s018	25-27	看不见的重量	以声音和闩震表现蛇的力量	前门与两侧人的中景，镜头不进入石道	卸粮声渐让给鳞擦声，门受一次重撞，闩颤；父亲孙六挡女孩，阿蘅抓手	不露院外游走整蛇；闩在槽中未脱，女孩没有靠门挨撞	""
s018	28-31	头在前脖子在闸下	以受限视角确认可行受力位置	先老程从盖缝短看再招父亲，女孩留在后景	吃食声中老程看一眼起身，父亲看后退向孙六说明粗细，众人看撑闸者不碰板	只给细缝局部纹理，不用上帝视角洞内全景；闸一直被两人撑着	""
s018	32-34	等到闸下空	证明关闸依赖确认而非盲落	东侧宽景复用提闸轴线，侧查者与落板可见	吃声停鳞向北退，众人等待，庙工确认空；两人落板插栓，老程检查后允许靠近	鳞未退净前不落；栓穿回后才让女孩上前	""
s018	35-40	挡住它的是门	让经验事实顶住神授解释	两道门南侧中景，李寄的视线沿通道转向北闸，父亲在前景敲闩，小幅摇镜跟手	李寄说一直有门，赵归功祭祀，父亲敲闩反问敢否站前；赵无答	不抽闩演示危险，敲木是指出实物不是解除安全	""
s019	1-4	她们从哪里进	让刚见过的喂食步骤转向人的遭遇	阿蘅与李寄手的近景抬到矮门，老程横入庙工赵之间	阿蘅仍抓手问，庙工看赵，老程移步要求本人答	身体距离沿前场结尾；两道门仍锁闭	""
s019	5-7	同样的两道门	用无人的关闭空间承载供述	闩门侧面中景，庙工在门边指示，两道门和锁闩沿视线排列，缓推门闩但不切镜	庙工说先关洞闸送人、关前门再提后闸，声音停在安静厚门上	不重演祭女受害过程，不增尸骨或恐怖镜头	""
s019	8-11	为什么还放人进去	给阿蘅后退与沉默足够时间	跟阿蘅退到院门内墙坐下，李寄蹲旁，桌笔在远处	她松手离开问为什么，院静；赵挪门被叫住，老程记口供，孙六轻放槌	李寄不代答或急拥抱；出口保持在她可退到的位置	""
s019	12-16	先压住再下刀	将初步方案与尚未准许区分	石道西侧三人中景，手只在外部指闸前短段	父亲问压颈开缝可否，孙六摸柱强调压稳、先量，老程说回报未准不拆	本场不凿盖不装杠，不让手试蛇；刀位置设想在闸前	""
s019	17-19	钥匙换了主人	落实封门与封账的控制权	木栓封记近景跟老程出门锁门收钥匙	老程加封记验栓、锁院门，收赵钥匙并命封账；赵摸空腰随行	收的是院门钥匙串，此后赵不能自由开后院	""
s019	20-22	慢慢下山	把见证暴力后的照顾放回人物关系	阶边侧面中远景，父亲在下级等候，河灯在远景	李寄问能否走，阿蘅点头重新握手，两人慢下，父亲停等	不跳成欢快归家；灯为远处日常家庭灯光	""
s020	1-2	没坐下的掌柜	表现证人来访的迟疑	李家门口中景，掌柜无围裙，凳在门旁	掌柜擦手敲门，阿蘅开门搬凳，他道谢站着取窄纸	不先把他演成早已公开勇敢作证；纸藏里衣保持干燥	""
s020	3-6	早一天的备粮单	把两条日期放在同一判断里	桌面原单近景后抬到阿蘅李绡	姐姐展开住处与两斗备粮单，阿蘅读日期惊问，掌柜说底账，姐姐对照清早托梦	前一天单与庙会当日点名清楚分开，不能把预备粮单当借据	""
s020	7-12	晚说的原因	保留证人的利害与羞愧	掌柜平视中近景，李寄在侧，水碗近景	掌柜承认旧次照办及怕失经手权，李寄问那晚已知，随后停问；阿蘅移水避湿纸	不替掌柜免责任，也不以怒斥让他退出证言	""
s020	13-18	留下原件	建立原单抄件各自去向	桌边三人中景，夹板与纸展开过程连续	姐姐询底账可查，掌柜同意保留原单；走后父亲抄内容卷入通道图，姐姐夹原件	原单由李绡保管，父亲带的是抄件；后续验单不能调换	""
s020	19-21	她还在数拍	让证据的意义落到受骗当时的日常	阿蘅侧面近景，关夹板与水碗同画面	她回想点名时正在帮数拍，李寄坐旁陪等，停一会才端水	不重复整场庙会闪回，用一句话与停顿承受发现	""
s021	1-4	木片示两扇门	把现场查验用简明动作呈给县丞	登记桌斜俯中近景，两木片压图两端	老程一提一按示互锁，再放口供说明人被关中间	图与木片只作示意，不以模型图替代原院实物证据	""
s021	5-9	签押前的承认	让官府面对自己准祭的责任	县丞赵执事双人中景，旧批文签押在前景	县丞问为何不报门，赵搬祖传，县丞翻签押承认未问清	不能剪去县丞自认，亦不新增当场定罪处分	""
s021	10-13	核原件问经手人	从疑点转向明确调查动作	父亲与县丞同侧桌边中景，抄单放图边，县丞在镜内递给书吏	父亲指出早一天，县丞核日期要求问写送者并继续封箱	抄单不能被称已验原件，原件由下一场李绡送到	""
s021	14-17	成不成都不索人	把停止伤人从斩蛇结果中独立出来	父亲与县丞平视双人景，笔在二人之间	父亲追问失败后会否再找人，县丞看供述决定立案禁向任何户索人；父亲等写完	必须完整保留除蛇成不成的条件，不能只写此次免阿蘅	""
s021	18-20	只改盖石这一段	明确改造范围与停手标准	图纸平斜近景，父亲的手指划过短石道；老程的手从画边指向支柱位置	父亲申请只改闸前盖石，老程强调压不住不下刀，县丞准工具加守卫	不扩洞、不放蛇到院里杀两项完整写入声音	""
s021	21-23	盖印后领走	让新约定有真实交付物	县丞推文书到赵面前，印与接纸手特写	赵欲说又低头，县丞问听清，盖印后父亲接纸	此为新版授权；前次免祭文书仍由阿蘅持有	""
s022	1-4	任何一户	让阿蘅自己核对保护范围	干板旁阿蘅与姐姐双人中近景，文书朝镜头倾斜，手指停在任何一户字旁	阿蘅逐行找字停在任何一户，问并再看，随后让开桌位	不能用旁白替她阅读；文书未碰湿桌或药水	""
s022	5-6	原单登记出处	把证据交接拍准确	仓箱与桌的中景，原单、抄件、收单簿三层铺开	守卫验封，姐姐交单，书吏对日期字句记来源；赵伸手被目光制止收回	原单与抄件不混装，守箱者仍守原箱	""
s022	7-10	润开翘角	从先前疑点进入可见检验	手部近景，借据与歌本分置；湿布点压纸角	借据展桌，阿蘅把歌本托给李寄认手印；书吏等贴纸润开，挑边先露六字	湿布仅润角，不把整据泡烂；李寄此时保管歌本	""
s022	11-14	两层字各在何处	让篡改怎样借手印生效可被看懂	稳定俯拍两纸与木条，光线避免反光遮字	旧字完整露本息共六斗，贴纸放旁；书吏用木条指新尾字与手印对接	纸上文字需专门字样合成方案，不能让视频随机造字	""
s022	15-19	谁添的字	把母亲原约与赵的回避并置	阿蘅赵老程三角中景，书吏落笔在前景	阿蘅说原约无供奉，赵辩至半句，老程追问，赵转头无答，书吏分记文字位置	不自补赵认罪台词；供奉一词不同于明确自愿入祀	""
s022	20-24	给母亲认后留证	让当事人参与查证并知道原件去向	阿蘅手停桌沿近景，书吏夹纸给她看簿	阿蘅请求母亲认手印，追问是否还赵；书吏分别夹好两纸明确不还	不撕毁贴纸；两张都保留作为证据	""
s022	25-28	各自去做的事	把阿蘅查账与李寄协作修盖并行安排	仓院宽景，归还歌本后两组人分别离桌	李寄递书说明跟父修盖，阿蘅随书吏下山；守卫重封箱坐旁，老程领另一组去后院	不让阿蘅出现在随后施工现场；赵留空桌边	""
s023	1-4	接下长木	以接工具代替追究同伴先前退缩	后门外平视多人景，父亲接木时留工友低头	工友欲解释，父亲接木不追问	父亲不替他说尽懦弱；四名乡亲衣着分码头短褂与石灰裤脚	""
s023	5-10	不用钻进去	用具体安全分工促成协作	图与锁死闸板中景再拉宽看长木转入院	工友看图摸栓，孙六解释只压住，四人报名字；长木两头转入不碰墙，李寄清通道	人数四名加孙六父亲分别保留；通道由院门到石道不断开	""
s023	11-13	后闸封住才起盖	完整说明施工隔离状态	石道东侧全景，北闸木栓与南门同框	老程验栓，父亲开南门取残饵，石匠起靠外顶盖，姐姐摆空盆指刀缝位	蛇始终在北洞闸后；只起闸前外盖，闸后封顶短段不拆	""
s023	14-16	只够刀身的缝	把刀与空间尺寸关系拍清楚	西侧父亲握厚背刀，石匠沿接边近景，李寄簸箕在外侧	老程递县库刀，石匠比刀背凿窄缝，李寄接屑并随停锤停手，盖石归位	刀缝横过短通道，不扩大成人手可伸入的长敞口	""
s023	17-18	湿草试第一刀	先建立成人示范与门关闭顺序	固定西侧中全景，刀缝与南门同时可读	父亲缓放刀确认通畅，孙六从前门放草退出关门，父亲双手沿缝斩下	后闸锁死无蛇；刀落前孙六手已退出，南門已合	""
s023	19-22	旧掌伤碰草梗	让李寄能力与身体限制同时被看见	前门侧面中近景，李寄手垂在腰前；碰到草梗时略微低头低移，让裹手与停步同框	取断草时李寄伤手松半束，父亲重新包掌；她请求试，父亲先摇牢木栓	掌伤来自劈柴，额伤仍有布；不让父亲忽略安全直接交刀	""
s023	23-25	先轻放到缝底	把学习过程写成准确可做的动作	西侧全身双人景，李寄脚位和刀背接触可见	父亲让她双手握稳、扶刀背轻放到底再提，指脚外移，换草关前门	手不入槽，刀不当撬杆；成人退侧而非退出院	""
s023	26-28	第一下碰边后重找	让失误带来停下重定位	同机位中近景保留刀与两双手	第一刀敲石边，李寄缩手父亲扶刀；她放低对缝、提起停息，再下第二刀	两次落刀分开，首次无成功断草，不能剪成一气呵成	""
s023	29-34	草不会动	防止练成一次等于实战就绪	父女西石旁中近景，父亲在李寄面前举断草，她仍握刀练习；手腕滑动保留画面下缘	父亲取草给看，李寄笑时刀柄滑，父亲接刀问重，她点头；提醒明天看清再办	厚刀交回成人并放西侧平石，李寄抱草退开	""
s023	35	带刀去扶长木	从试刀接到压闸装置	院西中景，平石、刀套和立柱相对位置明确	父亲收刀入套，走向已到柱旁的横杠并扶中段	刀不能留裸刃在随后多人通路上	""
s024	1-2	两端留出下压空间	建立长杠真实尺寸和人手站位	院东稍高全景，横杠高于石盖，两端与墙间都留成人位	众人把杠横到闸外，父亲扶中段，姐姐量墙距并清碎石	沿认可短石道母版；杠不缩成闸上短把手，也不压在盖石下	""
s024	3-4	绑牢再试扳	显示把力传给闸板的连接	柱根低斜近景，柱脚与绳结均可见，绑紧后人在同一镜内试扳，受力方向一致	孙六绕闸外横木收两圈打结，父亲托稳；孙六试扳不松，老程摸柱根验栓	绳绕的是闸外横木与杠，不画成堵住刀缝的横向网	""
s024	5	两门关好再离院	完整保存第二天作业起点	全景依次跟清草、闩门、盖缝与锁院门	四人收工具约明早，父亲清草闩南门，姐姐木条盖刀缝，老程锁后院	闸落到底栓牢；所有人离开后院后才锁外门	""
s024	6-8	柜中的三年祭册	建立册子的存放地点与阻拦者	前殿神龛侧面中景，柜门、巫祝与守卫同框	守卫指柜说明三年原册，巫祝以手挡柜	这是原祭册而非仓账；仓账已另守在仓院	""
s024	9-11	封条跨过柜缝	用互不让步的站位落实保护	两人平视近景，封条贴缝后留守卫在廊	老程走前要求今夜不动，巫祝收手；湿封条贴过缝，角抹平	柜未打开、册未取出；后续必须能看到此封条被破坏	""
s025	1-6	阿禾那年你也在	让旧伤落在简短承认和停步	后院门外纵深中景，陶伯靠门、李诞停阶下	陶伯放麻绳欲走，父亲叫住；老人不回头提旧年，父亲停步答在	门已锁闭，没人再进院；对话不变公开和解	""
s025	7-10	绳别贴石角	把未能宽恕转为具体保护提醒	锁门与陶伯侧脸中近景，父亲在阶下留距离	老人看锁，父亲等；老人提醒磨断，父亲答记住	不加拥抱、道歉长词或原谅承诺；提醒留到次日垫布兑现	""
s025	11-14	明早垫上	让提醒进入实际准备	麻绳在父亲臂中近景，孙六旧布搭上	陶伯沿廊走，父亲抚粗麻；孙六搭布说明早，两人带绳下山	绳与旧布一起带走，次日不能出现凭空新护垫	""
s026	1-4	念回母亲的话	让借据证据由当事人核对而非替她发言	床边三人中景，小板借据在近景，左手压右手清楚	母亲陈述，书吏记录念回，她点头；两纸分收，唱工与还粮账并存后交凭记	借据贴纸分别保管；凭记交阿蘅，原件留书吏，不能把凭记当原借据	""
s026	5-10	留下墨耳	把带动物冒险的可能明确关闭	从门边工具跟到院中低机位，左耳缺角短近景	李寄放套刀，抱狗摸耳，回答后放狗追叶，回身关院门	刀连套留父亲铺旁；狗从此留家，不能参与斩蛇	""
s026	11-16	图上的刀缝与闸	预先讲清落闸条件和无法插栓	饭桌俯斜中景，图南端空碗与横筷作定位，人物手不遮关键线	姐姐添缝挪碗，父亲指西侧和后门，孙六横筷解释一直压	图方位对应后院南前门北洞闸，女孩后门内；台词讲述不是已经执行	""
s026	17-23	压不住的退路	建立失败撤退也需统一协作	母亲肩后四人中景，父亲把图转给她，围桌关系不变；镜头缓退容纳她抬头追问	母亲停碗发问，父亲逐步说明撤刀、退门、同提、看空再落栓；母亲移碗叮嘱	不以演示切到未来事故；石盖始终不动，不能设计各自松杠	""
s026	24-30	我得自己再说一遍	给阿蘅同行独立目的	桌侧姐妹与阿蘅中景，新文书被油灯照亮	李寄问援手，姐姐交代门道；阿蘅展开纸说明要见祭册，灯移向她	新文书不是收单凭记；同行为交册见证，不安排阿蘅持刀	""
s026	31-33	钱照单领	澄清集体付出不转为女孩新债	孙六补绳和姐姐记账并列中景，阿蘅在二人间	旧布补绳，逐项记工钱；阿蘅问偿还，姐姐说明县支与自愿添补	陶伯绳与旧布明早入院；县支未等同已领款	""
s026	34-37	三个人解结	以可共同完成的小事收束夜议	桌边手部中近景，三双手依次进入，尾部带到母亲热水	孙六递死结，阿蘅找头，李寄拉另一端，两试才开；母亲换水，姐姐折图压工具	不是象征性一拉即解；图收到工具上供明早携带	""
s027	1-8	多添两只碗	把等待归来变为具体家务	暗屋深景由睡铺望灶间，白面与碗在一处暖光	熄灯后母亲谈饭菜，锅盖落下，数碗停顿再添两只	只准备食材器具，肉饼鸡蛋尚未做成；父女都醒着不做梦	""
s027	9-15	怕也要说	让同伴的害怕可以被承认	低位床侧双人近景，门边咳声来自画外	李寄躺平问，阿蘅说怕仍要说，伸手碰手背；二人同时望向门边，虫声渐淡	保持并卧与手的相对位置；咳声不误标为父亲	""
s027	16-20	天亮也带上	交付贯穿归途的旧灯	门内朝门口的中近景，灶火暖色在母亲身后、晨光在李寄身后；两人手同时握住旧灯	父亲捆套刀，姐姐门外等；母亲递灯不松，扶正补纸灯罩，再说天亮也带	灯芯未点燃，窄纸补裂缝；刀已套好绑在工具捆	""
s027	21-23	关在篱笆里的狗	核对出发人员并保留告别	篱笆内朝院门的固定宽景，墨耳在前，众人远离；李寄在巷口回头仍在门框内	李寄接灯，阿蘅领狗交母亲再追队；母女远远挥手，她转弯	狗没有漏出同行；母亲持细柴，李寄提未燃灯直到后院墙边	""
s028	1-8	天已经亮了	用交册期限抵住拖延	队伍末侧望台阶的固定宽景，领米人群在前景、阶下对峙在中景，巫祝与香炉同侧	排队父亲拉女儿，巫祝说水旱，程展开纸索册，驳回等香尽	粮票队未散，官文书是交册依据，不夸成所有人已信服	""
s028	9-13	收回迈出的脚	让阿蘅自己走向阶前	李家入门中景，赵从阶上指来，李寄半步后退入旁边	乡老验封，赵指责，李寄看阿蘅收脚；阿蘅摸凭记走上前	李寄仍提灯，不能代答或拉阿蘅上台；封柜尚未开	""
s028	14-20	我没有答应	完整呈现粮账与供奉的区别	阿蘅与赵同框侧面中近景，凭记举到胸前，镜头持续留住她说完及赵的迟疑	她逐项说五斗六斗与四升，被打断后反问贴纸，吸气声明未同意	数字和全部定稿台词保留；举的是收单凭记，不造假借据字样	""
s028	21-27	米票与三本册	让个人申辩转入公开程序	李寄稳灯近景过渡队列举票，最后柜门侧中景看三本逐一取出	阿蘅收凭记，妇人问粮，铜扣响，程挡赵伸手自行取册	前两年和今年恰三本；顺序未核定不标虚构年份	""
s028	28-32	掌柜走到前面	把私下证据变成公开证言	东门中景跟掌柜穿过姐姐让出的路，停在阶下翻账	掌柜抱账犹豫后前行，答兑粮并翻到夹条页，说明前一日已备指定祭户粮	原单已收县衙，此处是铺中底账收单日期，不重新取出原单	""
s028	33-36	不是随便哪一家	截断梦先兆的补说	阶前同一轴线的三人中景，妇人、巫祝和掌柜形成三角，转头接话完成视线传递	妇人追问，巫祝辩解未完，掌柜指出地址已写；赵望来，他仍交账	交给程差役后掌柜空手；原话未完保留破折号	""
s028	37-40	阿禾那本也在	让往年受害者进入追查	票号画外起，陶伯走到箱边的中近景，册封年份只供指认	妇人领粮离开，陶伯按箱询问，乡老指封邀录供，陶伯让路，程安排看守	阿禾仅被提及，不插想象受祭画面；赵巫祝不得转去后院	""
s028	41-43	等封条贴平	让阿蘅确认完成后才离场	封箱纸贴平的近景拉到女孩并肩中景，井在出画方向	阿蘅看完末道封纸回身，李寄问走吗，她点头跟父绕井，领粮妇人让路	书箱留前院；灯仍未燃，女孩去后院不携祭册	""
s029	1-5	把门道空出来	清楚建立援助路线与互不挤占	后门轴向全景，西东长杠都可见，旧布包石角近景	四乡亲扎袖，程开锁，孙六垫布加固试绳；乡老验院后退门外疏人	四名乡亲不含孙六、姐姐、程、父亲；门道留空不堵出口	""
s029	6-9	饵过缝手退出	严格按关闭洞闸后布饵的次序	南端投食门侧低中景，北闸插栓先入镜；刀缝作前后定位	父验落底栓牢，开南门接盆，姐姐指前移；盆推缝南，抽手关门上闩肩试	布饵时北闸不动；盆不留在刀缝北，手先退出再关	""
s029	10-13	灯放墙边	固定刀和女孩的位置	西侧平石到后门的同侧中景，墙边灯落点清楚	父亲抽刀放西石，女孩退后门，阿蘅接灯置贴墙处，说在这儿；李寄回看点头	未燃灯不挡通路；刀脱套在西石，阿蘅无灯在手后才可能扶门	""
s029	14-18	七人提闸	明确初始七人和持刀者分工	稍高斜全景显示西四东三，北闸绳与南刀缝同框	父报前门好，程令提，孙六抽栓放身后，七人提闸；父移缝木条站西侧	西孙六姐姐两乡亲，东程两乡亲；父亲此时不压杠，合计八大人	""
s029	19-24	听见细摩擦	以安静拉长等待且保持位置	西缝低近景与门边女孩中景交替，末镜父举掌不越轴	远票号稀疏，李寄欲探被碰手站回；摩擦渐近，父举掌，众人不动	无鼓乐指挥，不预先露全蛇；木栓在孙六后墙，灯在后门墙边	""
s030	1-4	落下却没有到底	使夹住蛇与安全落闸明显不同	北闸侧面固定中近景，刀缝与底石空隙同框；影向南过缝，闸落后空隙仍可见	父确认头过缝喊落，七人放杠，闸半停反顶；留出没有落底声的静默	闸未落底不能插栓；蛇头始终南于缝，不能出到院里	""
s030	5-8	刀举着不能下	让力量不足先于英雄行动	西侧斜看横杠与父亲的中广景，杠升在前、刀停半空在中，北滑纹只在下部窄缝中可见	西脚拖灰东沉腰，前门撞而闩守住；父举刀见纹北滑停，孙六呼他	石盖不翘，门未开；不让父先砍中蛇再来压杠	""
s030	9-12	父亲绕到东侧	交代从七到八和刀的空缺	连续稍高全景，西石、南门外绕路、东杠全部可追踪	父平放刀，经南端外侧绕到程旁，错脚压肩；两边各四，杠止升	不跨石道或钻横杠；刀留西石，程仍东侧；尚不能空出任何一人	""
s030	13-18	叫人先要吸气	证明父离不开并让阿蘅启动求援	后门南侧中广景，东侧父亲抬肩失败在深景，阿蘅在门口吸气呼援，老人从门外沿前殿方向跑出画面	蛇撞，父肩微抬致东端升立即压回；程叫人，阿蘅第一次急喊失败后重吸气喊远	保留两次喊的差别；一个乡老去前院，另一位门外，灯不被踩碰	""
s030	19-23	领粮人退开	给援手落空以现实阻力	前院人群中景，乡老牵袖与粮袋同框，侧后保留守院差役	乡老求助，一人抱米挣袖，另一人提扁担离开；赵趁乱挪步被差役押回	守前院差役不是仍压东杠的程；勿剪成程离岗追赵	""
s030	24-26	肩靠过来	以小幅调整表现持续消耗	西侧四人并列中近景，姐姐夹在既定位置不换边	工友手抖，孙六挨近教用肩，工友送肩但腿仍颤	七人求援前后已经是八人，没人松杠；旧布仍包摩擦石角	""
s030	27-30	听清没人肯来	让李寄的决定来自确认而非冲动误会	后门老人喘息前景，二女孩中景，父白指深景对焦	乡老独返告知，门外人催走；阿蘅望院，李寄看父扣杠后重新系掌布	布从既有劈柴伤延续，此刻尚未新出血；不加旁人辱骂女孩	""
s031	1-3	迈出又退回	保留行动前的恐惧与同伴触碰	后门平视双人中景，西石刀在视线方向	闷撞刮擦，李寄脚离槛又缩肩退半步；阿蘅碰手，她抓一下松开走向西石	离开的是李寄，阿蘅守后门；灯留墙边	""
s031	4-7	第二次才握住	避免轻易提刀的英雄姿态	西石旁低位连续中景，李寄取刀在前，姐姐汗入眼在身侧，东侧父亲隔杠注视	父侧脸，李寄蹲触刀被撞声吓缩；看父姐后擦汗，再双手挨紧提刀站起	厚刀重量可见，不能单手飞举；姐姐只蹭汗肩不离杠	""
s031	8-11	我来砍蛇	让父女确认无人可替代的困局	沿横杠斜轴中广景，西侧女孩与东侧父亲隔杠对话；门外老人位于两人之间的远景	李寄提出砍蛇，父劝等援，她说明无人来；父看老人，杠耸迫他咽话压回	父没有授权轻松冒险台词；女孩还在西石旁，不能已到缝上	""
s031	12-14	先认准缝	把昨天试刀经验变成谨慎动作	西侧半身中景保留刀口和石边，短缝下近景只见纹	走到试刀位，举半刀被撞吓偏；收住喘两口，刃轻送缝定位再抬	蛇头在南石盖下不可见；刀不能穿过石板，保持原窄缝	""
s031	15-18	第一次落刀	令砍击依赖八人同时压稳	稍高全景先看东西合压绳绷直，再落到西侧李寄双手	两侧沉肩抵脚，闸止升；刀落震臂，蛇猛挣顶八人，他们齐压，孙六喊	不是一刀斩首；不拍血腥断面，震动与身体负担清楚	""
s031	19-21	只开浅浅一道	建立还必须继续的代价	西石旁李寄半身连续近景，下缘保留脚与刀缝；刀抽出见浅伤，视线落回她抓稳的手与站稳的脚	刀抽回仅浅裂，李寄半口气未松，掌布透少血；撞击再响，她攥布稳脚	浅裂与下一集几刀累积衔接；不换新刀、不把血画满全手	""
s032	1-4	先抽刀才后退	保留害怕时仍守动作次序	西侧中景看脚、刀柄、缝处同一平面	第二刀落，撞声迫她收脚，她站住抽回刀后才退；看伤加深，吸气回位	接上集第一刀后的原位置；刀未拔出不能带着退步撬石	""
s032	5-6	背一起绷紧	将每次砍击和八人的负担对应	横杠斜全景带女孩侧身，插父亲肩垫布近景	刀两次起落，八背齐绷压回；西工友抵脚闷喊，父垫布磨开垂落	父仍东侧，无空手去扶垫布；两次刀击不是新增剧情胜利	""
s032	7-10	擦石后停住	让停顿成为控制动作而非失误蒙混	刀口石边短近景，回女孩手指与眼，再后门阿蘅	连砍呼吸短，刃擦石尖响，她立即停，松指重握眨汗；门边阿蘅攥衣	不补砍，擦石后找回直缝；门道空，乡老未找到援兵	""
s032	11-15	压着呢	使父亲声音成为仍可依靠的证据	西侧稍低的连续中景，李寄、刀与杠在前，东侧父亲、程差役抵基的膝在后；按回应移焦，保持方位	李寄求压住，父与震声同时回应；她看父再直落刀，撞声渐断续	父不移动到她身边；八人未松，不能用音乐盖过答声	""
s032	16-19	短硬的一声	用声音和身体停留表现终于到底	西侧半身持续镜头保留腰背、手和窄缝	半举停、降刀缓气借腰再砍，偏头避旧额伤汗水，抽举后穿到底石停住	过程不以超能力加速；避免血腥断面，声响由闷变短硬	""
s032	20-26	还不能说好了	阻止胜利后立即松闸开门	抽刀放石中景跟退两步，阿蘅从后门入画扶手臂	看断处确认后放刀，膝软；阿蘅来托欲说好被擦撞打断，程令继续压门别动	阿蘅到刀平放且手空后才靠近；没人抽横闩，声音向山里拖	""
s033	1-6	等最后一声	把确认安全的时间真实留出	横杠与墙边两人的连续中广景，最后一声落后缓缓下摇到门外静止叶片，不接无依据蛇尸镜头	八人仍压，阿蘅扶李寄到灯旁避掌伤；深处擦声引抬头，落叶擦地后静止	旧灯未燃，手指仍僵；叶声不混成蛇已爬出院	""
s033	7-12	慢慢卸	由观察与等待而非欢呼触发卸力	闸门南侧固定宽景，姐姐在西侧先开口，东侧父亲与程差役都入画；众人听到指令才缓卸力	姐姐说明两头分开，父久看点头；程再等脚步过后令慢卸，重量回脚，父孙最后松	不加原文未有的落底插栓动作；只确认闸不反顶，前门仍锁	""
s033	13-17	守门等石匠	交代危险区域仍由人守护	投食门朝墙边的同侧中景，程差役走到前景守门，孙六靠墙在后，两人接话保持同框	程扶石站稳叫石匠，乡老走；众人依次退杠，孙六腿抖坐墙咳后说未出道	不能开门展示蛇尸；石匠尚未到，刀仍西石待收	""
s033	18-24	真的不用再送人	让阿蘅的获救不是旁人代为庆祝	墙边三人中近景，姐姐松开的手在前景，女孩靠墙听答，未点的灯保留在低处	姐姐唤阿蘅，阿蘅轻问后被抱住，先泪后哭；李寄伸未流血手，她抓紧	阿蘅先看门不笑；不把禁祭依据只归杀蛇，前面已正式废除	""
s033	25-30	大家都活着	把传远的消息与父女松懈并置	父女近景，老人留在门外深景喊话；镜头持续看女儿听完、父亲靠近，避免来回切断停顿	喊声传下山，父女对望，父抬臂又放下，走近弯腰碰未伤侧额；她靠着哭	父肩伤限制拥抱；旧额伤侧避开，不抱举女儿	""
s033	31-32	提起未燃的灯	带着来时物件离开危险空间	后门内向外中全景，程与石匠在一侧让路	石匠随乡老来，程接应；阿蘅取墙边灯，一手牵李寄缓跨门槛	灯仍未点，阿蘅提灯李寄空伤手；刀留程接管不由女孩带回	""
s034	1-5	挨个看过	以受伤者回家而非凯旋姿态入院	巷口闻香入院中景，母亲锅铲、灯交接与父肩均可见	母迎接灯，姐姐扶女入院，父孙随后；母触父肩使缩手停，招洗手落座	灯交母亲；父肩仍疼，长板上肉饼鸡蛋承接夜间准备	""
s034	6-10	母女都回来了	先给病母单独听见消息的时间	里屋床边双人近景，半扇门远景留院声	阿蘅跑入握手报平安，母亲看脸抱她；李母放碎肉软饼带半门	病母半坐不可忽然痊愈；不是独立搬回阿蘅家，仍李家里屋	""
s034	11-16	先端稳这碗	让照料比复述险境先发生	院桌平视中景，孙六碗和勺声为中心，程进门留后景	孙六欲起被勺敲碗提醒，双手端牢笑；乡亲到姐姐借凳，程说明留守与收刀	刀由程收回待交库，不在饭桌；乡亲陆续而非瞬间全坐齐	""
s034	17-25	爹也怕	让父女互认勇气与恐惧	父女并坐中近景，重新包好的手和掰饼持续可见	父掰饼，她换手吃并回说害怕，父放余饼承认看见；两人互问，他动肩疼，她避伤靠近	掌手已重新包扎；父承认怕不能改成从不怕，未伤手取饼	""
s034	26-30	等大家坐稳才吃	将共同生活声音作为本集前段落点	桌端中全景带里屋半门，最后阿蘅近景	阿蘅坐李寄另一边挪汤，热菜迫孙挪凳，众笑护汤；里屋笑，她望门后吃第一口	汤未真的泼翻；女孩从里屋走出后方坐桌，不重复入屋	""
s035	1-3	两块干净布	用时间省略切入未归者的遗物	廊下桌面平斜近景，摊布的手在镜内分置两个物件，边缘保留廊下静候的人	数日后字幕，程放竹簪和半把断梳，退一步请认	不能展示尸骨或虚构清洞过程；地点县衙而非山庙	""
s035	4-7	认出那道歪纹	给失去者保留独立哀伤	桌面平斜中近景，陶伯拇指摸簪尾在一侧，小满母亲另一侧合掌遮梳齿，两件物件不混位	陶伯反复摸浅纹，母亲合手低头；路人放轻脚，簪包好又打开一点	竹簪属阿禾，断梳属小满，绝不互换；不插生前幻想画面	""
s035	8-9	空着半张长凳	让沉默不被办案节奏立即打断	廊下固定中远景，两人之间空凳为画面中心	两人并坐，室内唤程声放低，他等一会才入	两遗物都仍由家属持有，接下一场带入堂内	""
s036	1-7	唱曲为什么列祭册	将借据和祭册放在同一证据链中	案侧双人中景，三册、两纸、原单与店账在前景各占固定位置，阿蘅对赵发问，镜头不挪换证据	赵指供奉辩解，阿蘅转今年册反问，程按册追问填写人	不同证据各占位置不能融合成一本万能账；今年册有祭日姓名	""
s036	8-12	经手人分别指认	让神梦说辞遭实际日期与笔迹检验	桌边侧面中景，赵、巫祝、掌柜沿同一侧排开，账本在前景，书吏另一侧记下每次指认	赵指巫，巫辩，掌柜推账；送单人认日期，另一人认原单字，书吏记录	两个经手人不合成一个证人；梁仍记录到后段被替换	""
s036	13-16	阿禾回头叫我	让陶伯自己说出强迫经过	门侧跟到案前，竹簪放桌短近景后停在陶伯脸	陶伯抱簪布进，小满母跟；他质问愿意，放簪碰响桌，讲被拖开与没拉住	这是证言不转闪回重演献祭；竹簪落案，小满梳仍手持	""
s036	17-24	孩子还给我	保留父母的愤怒不拍成表演性暴力	母亲中近景向案边行，差役仅短挡，李父同轴进入	母亲举梳追问挣开停案边，巫后退说消灾；父上前责问，母伏哭，陶伯扶	不让她真正击打巫祝；差役身份非新增具名人物，父没有替她收话	""
s036	25-30	旧册也要查	揭出县衙签押责任	案面平斜中近景，县丞合今年册的手在右、李父压住两旧册的手在左，页脚印与自愿字同框	县丞说本次援助，父要求查往年翻阿禾小满页，指官印对照报名时写自愿	旧册两本与今年一本分明，不能让父捏造自愿文字；台词全保留	""
s036	31-36	同一个签押	使递交郡里包含官员本人责任	案面稍高近景看状子、两批文，抬至陶伯与县丞	梁停笔，陶伯铺状，程添批文显同名签押；陶伯要求一并送，县丞收手应允另录	这是同一人签名的事实，不虚构署名全名或审判结果	""
s036	37-38	换一位书吏记	以卷宗完整封存而非口头许诺结尾	廊口望案边的连续宽景，新书吏在后景点证据，女孩前景牵手离开	乡老逐项清点入卷，梁放笔由另一吏接；阿蘅待纸收好才离，女孩经过家属放慢	两家属留待封卷；女孩不带走证据，不能宣称此刻已定罪	""
s037	1-4	二十多天后的告示	准确交代郡中复查的刑罚结果	告示墙旁固定中广景，宣读书吏在前，赵空腰与押解队在同一深景，官吏移职的信息用宣读承载	字幕后刷角贴平，书吏念判死待决与十年苦役，押人下阶	公开文字按定稿后期排；赵失钥匙，待决不拍成已经处决	""
s037	5-6	援助不抵前责	让县丞和书吏的官责被完整听见	李诞与女孩同侧中景，书吏画外念，程在后方贴两纸	读到革职与革退，李诞抬头，程把两份同署名批文抄件贴到告示旁	声音念全本次协助不抵往责；两张是抄件，原件已送郡里	""
s037	7-12	名字下面的新字	将永久禁祭落实到当事人读到的字	告示旁平视中景，陶伯与阿蘅面向同一张纸读，姓名区域在画面一侧保持可见	读阿禾小满非自愿、销阿蘅祭名与禁借粮索人；妇人转述，陶伯退开，阿蘅说领米	这次永久禁祭，不是前面临时暂停；陶伯不追被押人，女孩不催	""
s037	13-18	最后一行再念遍	把归还粮食建立在核清旧账上	仓院亮处柜台双人中景，清账行与印记手部近景	新管事逐行念，阿蘅确认四升，听超过六斗后再要求末行，接据核印夹歌本交父	未说具体退粮总数不得虚构；歌本暂由父亲拿，米袋在李寄手	""
s037	19-22	两个人接住米	将第一集退米的动作变为共同领取	木斗与袋口俯斜近景拉到女孩各提一边的中景	阿蘅请求扶口，李寄撑两边，她托底，米落两手一起降；系袋下阶，父接袋还书	谁扶口谁托底明确，父先交书再稳定接袋；斗不穿袋	""
s037	23-26	这次自己留一份	让保留凭据成为人物学会的能力	告示墙旁并行中景，父携粮前行，河街方向深景	李寄看书问，阿蘅答给母亲念且留副本，抱书跟父下山，刮斗声渐远	凭据仍夹歌本，父持粮；不要把清账证明变成庙歌	""
s038	1-4	粮有了词仍缺	承认获救未自动修复毁书的损失	阿蘅家室内中景，米缸、床与窗台三层，尾部纸上空行	母亲叠褥喘坐，女儿接放床脚；旧页新纸并排，李寄坐对面不拿笔	已经搬回阿蘅家，母仍虚弱；半缸粮非凭空满仓，空半行仍在	""
s038	5-8	陪你去问	让李寄先询问而非替她填词	窗下双人中近景，新旧页位于中间	李寄提出抄或陪问，阿蘅选问说明歌娘回邻村，约明天带此页	未确认部分继续留白；不把第一集原许家歌娘改成李家姐姐	""
s038	9-13	停在同一处	以重复的断歌推动下一场求教	床与窗边同轴三人中景，母亲在床边听，阿蘅在窗边唱，李寄递布的手留在下缘	母哼女接唱至船边，同停母摇头；女不再催，包纸后李寄才取碗洗	不提前唱出缺行；河水声承接去邻村，不补母亲没有想出的词	""
s039	1-5	先唱我听听	建立平等求教的安静环境	歌娘院中平视三人中景，红袖在侧，手拍膝可见	歌娘晾衣净手搬凳看纸，请阿蘅唱，阿蘅唱至船边	歌娘擦净手再接纸；第二段不从首段青篷起重唱	""
s039	6-7	接住没收的调	让缺词首次完整出现	阿蘅与歌娘同轴双人中近景，残页在两人之间；镜头持续听歌娘接出旋律	阿蘅望纸，歌娘接调唱莫怕至认旧桥	这是缺词首次完整定稿；不能提前配声到前场母亲嘴上	""
s039	8-12	认不是过	让李寄的核对补回可靠文字	歌娘肩后三人中近景，夹板在两女孩之间，笔与歌娘逐行的手指持续同框	李寄记到末句举笔问，歌娘说认并慢唱；写好交板，歌娘逐行指改歪字点头	重唱词按原文明确末三字，歪字未指定不造新台词；核词后方可抄新本	""
s039	13-18	把整段接上	给阿蘅独立唱完整段的空间	阿蘅正侧中近景长留，歌娘拍膝仅在画面角落	阿蘅重新唱两句，歌娘换气轻拍后等她唱完下句，收拍微笑说连上了	不给歌娘抢唱尾句；预计时长按唱词延长，可分镜但不截歌词	""
s039	19-20	这一次只听	表现李寄不急着介入	双人侧面中景，李寄抱板不写，红袖缓拂过前景	阿蘅笑后低头再唱缺句，李寄听到唱完，绳与袖轻晃	重复的是已核准那句，不能增加完整版歌词；母亲未同行入镜	""
s040	1-5	这一页我来	让修复成为双方共同完成	灯下双人中景，半页、伤手与交笔近景连贯	阿蘅念李寄写，疤紧笔歪，揉手欲继续；阿蘅摊掌请求换手，李寄交笔	新疤非再流血；交笔不交整本控制权，旧残页待最后夹后面	""
s040	6-9	慢一点念	以念写节奏落实新的合作方式	俯斜手部中近景带两人胳膊相挨	李寄先念莫怕，等阿蘅写完再念隔水；末行写完轻搁笔	文字后期逐字排，不能自动改成唱；两句念读间留书写时间	""
s040	10-13	不再停在空白前	再次验证修补后的歌能继续	窗下双人中近景，前景翻页、阿蘅唱与李寄抬眼同框，母亲在床边深景轻拍	阿蘅从熟处起唱至船边，朝李寄笑后接缺句；母指拍轻哼末句	母亲只哼末句不新增歌词；歌已补好不能再次演忘词	""
s040	14-17	针穿最后一孔	将旧损失与新修复同时保存在一本书里	装订手部持续近景，书脊由李寄按稳	阿蘅夹旧残页在后，对齐新页穿线打结，翻页检查不松；李寄未伤指摸页笑	旧页没有丢掉或变平新纸；针在阿蘅手，李寄按书脊避伤手	""
s040	18-19	合好放回她手边	让书的归属以交还动作完成	窗外呼声入双人中景，画面落在接住书角的手	李寄应来了，合好歌本放回阿蘅旁，她接住书角	声音只按定稿不指认未明喊者；歌本留下，李寄空手回家	""
s041	1-6	等她说完再抬	用日常合作接回曾经压杠的人	晒场宽景，两人各扶幕杆一端，姐姐站远指挥，狗戏箱旁	一个多月后字幕，父端被要求抬高，孙误跟，姐姐纠正，父笑；扎绳后同时松手	父肩恢复到可扶杆但不写医学痊愈；狗左耳缺尖，此次可随日常演出	""
s041	7-10	唱首段给母亲听	完整给出版本四的演出首段	幕前侧斜中景，阿蘅在前，台侧李寄书页在一侧、观众席母亲在远景；连续唱完首段	最后歌起，李寄翻新页，阿蘅唱青篷起至叮咛未了；母打拍，女尾音稳换气	仅版本四b009原词，不使用未获确认歌曲扩词；整段声音连续不被反打截断	""
s041	11-13	越过旧空白	让曾断的句子在公开演出中唱完	台侧望幕前的连续中近景，李寄的手与新旧页交界在前，阿蘅在中景；一次移焦跟随缺句接续	唱至船边，李寄抬眼；阿蘅接莫怕、隔水、春水和认旧桥	歌词准确连续，旧页夹后保存，不能把新旧页画成两本	""
s041	14-16	尾音收住才鼓掌	让完成先于认可到来	幕边斜轴连续中广景，阿蘅、半幅幕后李寄和席间母亲同时可见；尾音收住才让掌声进入	尾音拖开渐收，李寄松压页手，两人笑；掌声这时起，母轻拍不止	不在断词处鼓掌，也不补旁白总结；歌本仍李寄抱	""
s041	17-18	各自送人收杆	交代母亲与道具先行的两条路线	幕边宽景，母与邻妇一边离开，姐孙扛杆另一边	阿蘅披衣目送母到路口，姐孙卸一杆各扛一端往河街，狗追影	母由邻妇陪先走；只有一根杆两人扛，非各扛一根	""
s041	19-22	现在把灯点亮	使灯从护送愿望变成实际照路	母亲与两个女孩同框中近景，旧灯在画面下部，母亲点灯后在镜内交给阿蘅	李母点补罩旧灯交阿蘅叮嘱，阿蘅接稳；李寄合书等她并肩上路	这是此轮出行灯首次点燃；阿蘅提灯李寄抱书，到下一场不互换	""
s042	1-3	灯下跟着幕杆	把众人回家放在同一条河街	河岸侧向缓跟中远景，前方幕杆两端与后方灯光同轴	姐姐让孙慢，杆放缓；狗回闻鞋再追前，女孩并行影子随步	阿蘅持灯李寄持书，狗自由走而非抱在怀；补纸透暖黄	""
s042	4-7	照清松动石阶	以照看脚下兑现手中的灯	门口平视双人中景，松阶在画面下方，手与书角清楚	阿蘅举灯照阶，李寄递书仍搭角，问明日唱否，阿蘅邀她来	先照阶再递书；书交阿蘅后李寄腾出手，灯仍阿蘅持有	""
s042	8-11	太阳晒到窗台	让轻松的邀约替代危机中的承诺	门口双人近景，阿蘅略凑近，室内暖光在背后	阿蘅接书说别太早，李寄答窗台日光时来，阿蘅说定	不新增誓言或亲密动作；人物能笑但还未忘还灯的停步	""
s042	12-16	笑着把灯还来	完成灯书两件物品的最终交接	稍宽中景完整看二人半步停住，灯在双手间转移	向里外各半步又停，阿蘅递灯李寄空手接，两人笑；屋内母唤，阿蘅应回来了	阿蘅抱书入屋、李寄提灯离开，绝不丢书或灯自动换手	""
s042	17-18	书留在母女灯下	确认歌本最终回到阿蘅家	门外李寄肩后静中景，阿蘅把歌本摊给母亲看，李寄回头离开画边	阿蘅进屋打开补好的歌本，李寄看一眼后转身去追姐姐	新页在阿蘅家灯下；李寄只带自己手中的旧灯离开	7
s042	19	灯举在幕杆前	让灯照完收工回家的最后一段路	道具屋门口朝河街的固定宽景，李寄举灯领杆进屋，姐姐与孙六把杆靠戏箱	李寄在幕杆前照路，众人到屋放稳杆子，墨耳停等姐姐领妹妹回家	省略此前追赶距离，由持灯走入承接；先卸杆再回李家，书已留阿蘅家	12
s042	20-22	门没有闩	以能进门吃饭的日常结尾	门外低静景看灶暖饭与桌上干净碗，灯落前景	李寄放稳灯扶正补纸，跨进屋；门停半开，灯光落槛外	灯在李家，门不关不闩；不加团圆字幕或虚构众人齐聚	""
